-- phpMyAdmin SQL Dump
-- version 4.9.2
-- https://www.phpmyadmin.net/
--
-- Hôte : 127.0.0.1:3306
-- Généré le :  mer. 08 sep. 2021 à 12:14
-- Version du serveur :  10.4.10-MariaDB
-- Version de PHP :  7.3.12

SET SQL_MODE = "NO_AUTO_VALUE_ON_ZERO";
SET AUTOCOMMIT = 0;
START TRANSACTION;
SET time_zone = "+00:00";


/*!40101 SET @OLD_CHARACTER_SET_CLIENT=@@CHARACTER_SET_CLIENT */;
/*!40101 SET @OLD_CHARACTER_SET_RESULTS=@@CHARACTER_SET_RESULTS */;
/*!40101 SET @OLD_COLLATION_CONNECTION=@@COLLATION_CONNECTION */;
/*!40101 SET NAMES utf8mb4 */;

--
-- Base de données :  `lambdabd2`
--

-- --------------------------------------------------------

--
-- Structure de la table `application`
--

DROP TABLE IF EXISTS `application`;
CREATE TABLE IF NOT EXISTS `application` (
  `id` int(11) NOT NULL AUTO_INCREMENT,
  `nom` varchar(500) DEFAULT NULL,
  PRIMARY KEY (`id`),
  UNIQUE KEY `nom` (`nom`)
) ENGINE=MyISAM AUTO_INCREMENT=3 DEFAULT CHARSET=latin1;

--
-- Déchargement des données de la table `application`
--

INSERT INTO `application` (`id`, `nom`) VALUES
(1, 'orange Et moi'),
(2, 'Orange Money');

-- --------------------------------------------------------

--
-- Structure de la table `etatactuel`
--

DROP TABLE IF EXISTS `etatactuel`;
CREATE TABLE IF NOT EXISTS `etatactuel` (
  `id` int(11) NOT NULL AUTO_INCREMENT,
  `etat` int(11) DEFAULT NULL,
  `date` datetime DEFAULT NULL,
  `idScenario` int(11) DEFAULT NULL,
  PRIMARY KEY (`id`),
  KEY `idScenario` (`idScenario`)
) ENGINE=MyISAM AUTO_INCREMENT=28 DEFAULT CHARSET=latin1;

--
-- Déchargement des données de la table `etatactuel`
--

INSERT INTO `etatactuel` (`id`, `etat`, `date`, `idScenario`) VALUES
(26, 0, '2021-09-08 12:11:18', 1),
(13, 1, '2021-09-06 22:40:06', 2),
(10, 0, '2021-08-26 10:39:33', 3),
(27, 0, '2021-09-08 12:11:22', 6);

-- --------------------------------------------------------

--
-- Structure de la table `etatscenario`
--

DROP TABLE IF EXISTS `etatscenario`;
CREATE TABLE IF NOT EXISTS `etatscenario` (
  `id` int(11) NOT NULL AUTO_INCREMENT,
  `etat` int(11) DEFAULT NULL,
  `date` datetime DEFAULT NULL,
  `idScenario` int(11) DEFAULT NULL,
  PRIMARY KEY (`id`),
  KEY `idScenario` (`idScenario`)
) ENGINE=MyISAM AUTO_INCREMENT=219 DEFAULT CHARSET=latin1;

--
-- Déchargement des données de la table `etatscenario`
--

INSERT INTO `etatscenario` (`id`, `etat`, `date`, `idScenario`) VALUES
(212, 0, '2021-09-08 12:08:50', 1),
(2, 0, '2021-08-03 15:21:50', 1),
(3, 0, '2021-08-03 15:29:24', 1),
(4, 0, '2021-08-03 15:36:02', 1),
(5, 0, '2021-08-03 15:39:12', 1),
(6, 1, '2021-08-03 15:42:37', 1),
(7, 0, '2021-08-26 10:35:53', 1),
(8, 1, '2021-08-26 10:37:36', 1),
(9, 1, '2021-08-26 10:38:59', 2),
(10, 0, '2021-08-26 10:39:33', 3),
(11, 1, '2021-09-06 22:36:13', 1),
(12, 1, '2021-09-06 22:37:29', 1),
(13, 1, '2021-09-06 22:40:06', 2),
(14, 1, '2021-09-07 11:29:35', 1),
(15, 1, '2021-09-07 11:30:40', 1),
(16, 1, '2021-09-07 11:55:26', 1),
(211, 0, '2021-09-08 12:08:43', 6),
(89, 0, '2021-09-07 12:28:01', 1),
(90, 0, '2021-09-07 12:29:22', 1),
(91, 1, '2021-09-07 12:35:40', 1),
(121, 0, '2021-09-07 13:00:16', 1),
(213, 0, '2021-09-08 12:10:58', 1),
(214, 0, '2021-09-08 12:11:05', 6),
(215, 0, '2021-09-08 12:11:10', 1),
(216, 0, '2021-09-08 12:11:14', 6),
(217, 0, '2021-09-08 12:11:18', 1),
(218, 0, '2021-09-08 12:11:22', 6);

-- --------------------------------------------------------

--
-- Structure de la table `integrateur`
--

DROP TABLE IF EXISTS `integrateur`;
CREATE TABLE IF NOT EXISTS `integrateur` (
  `id` int(11) NOT NULL AUTO_INCREMENT,
  `nom` varchar(500) DEFAULT NULL,
  `email` varchar(500) DEFAULT NULL,
  `mdp` varchar(500) DEFAULT NULL,
  PRIMARY KEY (`id`),
  UNIQUE KEY `nom` (`nom`),
  UNIQUE KEY `email` (`email`)
) ENGINE=MyISAM DEFAULT CHARSET=latin1;

-- --------------------------------------------------------

--
-- Structure de la table `metrics`
--

DROP TABLE IF EXISTS `metrics`;
CREATE TABLE IF NOT EXISTS `metrics` (
  `id` int(11) NOT NULL AUTO_INCREMENT,
  `tps_moyen` varchar(100) DEFAULT NULL,
  `disponibilite` varchar(100) DEFAULT NULL,
  `indisponibilite` varchar(100) DEFAULT NULL,
  `performance` varchar(100) DEFAULT NULL,
  `nbreTest` text DEFAULT NULL,
  `date` datetime DEFAULT NULL,
  `idScenario` int(11) DEFAULT NULL,
  PRIMARY KEY (`id`),
  KEY `idScenario` (`idScenario`)
) ENGINE=MyISAM AUTO_INCREMENT=28 DEFAULT CHARSET=latin1;

--
-- Déchargement des données de la table `metrics`
--

INSERT INTO `metrics` (`id`, `tps_moyen`, `disponibilite`, `indisponibilite`, `performance`, `nbreTest`, `date`, `idScenario`) VALUES
(26, '8.39116967565218', '40', '60', '0', '115', '2021-09-08 12:11:18', 1),
(13, '29.472530050000017', '100', '0', '0', '2', '2021-09-06 22:40:06', 2),
(10, '0.42956979999996747', '0', '100', '0', '1', '2021-08-26 10:39:33', 3),
(27, '4.924784248000029', '0', '100', '0', '100', '2021-09-08 12:11:22', 6);

-- --------------------------------------------------------

--
-- Structure de la table `robot`
--

DROP TABLE IF EXISTS `robot`;
CREATE TABLE IF NOT EXISTS `robot` (
  `id` int(11) NOT NULL AUTO_INCREMENT,
  `nom` varchar(250) DEFAULT NULL,
  `ip` varchar(500) DEFAULT NULL,
  `port` varchar(500) DEFAULT NULL,
  PRIMARY KEY (`id`),
  UNIQUE KEY `nom` (`nom`),
  UNIQUE KEY `ip` (`ip`),
  UNIQUE KEY `port` (`port`)
) ENGINE=MyISAM AUTO_INCREMENT=3 DEFAULT CHARSET=latin1;

--
-- Déchargement des données de la table `robot`
--

INSERT INTO `robot` (`id`, `nom`, `ip`, `port`) VALUES
(1, 'Robot 1', '127.0.0.1', '4723'),
(2, 'kalidou', '127.0.0.2', '4724');

-- --------------------------------------------------------

--
-- Structure de la table `scenario`
--

DROP TABLE IF EXISTS `scenario`;
CREATE TABLE IF NOT EXISTS `scenario` (
  `id` int(11) NOT NULL AUTO_INCREMENT,
  `nom` varchar(500) DEFAULT NULL,
  `fichier` varchar(300) DEFAULT NULL,
  `critique` int(11) DEFAULT NULL,
  `commentaire` varchar(100) DEFAULT NULL,
  `seuil` varchar(100) DEFAULT NULL,
  `maintenance` int(11) DEFAULT NULL,
  `activation` int(11) DEFAULT NULL,
  `idApplication` int(11) DEFAULT NULL,
  `idIntegrateur` int(11) DEFAULT NULL,
  PRIMARY KEY (`id`),
  KEY `idApplication` (`idApplication`),
  KEY `idIntegrateur` (`idIntegrateur`)
) ENGINE=MyISAM AUTO_INCREMENT=7 DEFAULT CHARSET=latin1;

--
-- Déchargement des données de la table `scenario`
--

INSERT INTO `scenario` (`id`, `nom`, `fichier`, `critique`, `commentaire`, `seuil`, `maintenance`, `activation`, `idApplication`, `idIntegrateur`) VALUES
(1, 'calc1_t1', 'calc1.jar', 0, NULL, '8.39116967565218', 0, 1, 1, NULL),
(6, 'calc2_t1', 'calc2.jar', 0, NULL, '4.924784248000029', 0, 1, 2, NULL),
(4, 'calc2_t2', 'calc2.jar', 0, NULL, '0', 0, 1, 2, NULL);

-- --------------------------------------------------------

--
-- Structure de la table `telephone`
--

DROP TABLE IF EXISTS `telephone`;
CREATE TABLE IF NOT EXISTS `telephone` (
  `id` int(11) NOT NULL AUTO_INCREMENT,
  `nom` varchar(100) DEFAULT NULL,
  `version` varchar(50) DEFAULT NULL,
  `udid` varchar(90) DEFAULT NULL,
  PRIMARY KEY (`id`),
  UNIQUE KEY `nom` (`nom`),
  UNIQUE KEY `udid` (`udid`)
) ENGINE=MyISAM AUTO_INCREMENT=3 DEFAULT CHARSET=latin1;

--
-- Déchargement des données de la table `telephone`
--

INSERT INTO `telephone` (`id`, `nom`, `version`, `udid`) VALUES
(1, 'Custom Phone', '4.4.4', '192.168.160.101:5555'),
(2, 'Google  Nexus 5', '5.1', '192.168.108.110:5555');

-- --------------------------------------------------------

--
-- Structure de la table `thread`
--

DROP TABLE IF EXISTS `thread`;
CREATE TABLE IF NOT EXISTS `thread` (
  `id` int(11) NOT NULL AUTO_INCREMENT,
  `nom` text DEFAULT NULL,
  `idRobot` int(11) DEFAULT NULL,
  `idTelephone` int(11) DEFAULT NULL,
  PRIMARY KEY (`id`),
  UNIQUE KEY `nom` (`nom`) USING HASH,
  KEY `idRobot` (`idRobot`),
  KEY `idTelephone` (`idTelephone`)
) ENGINE=MyISAM AUTO_INCREMENT=3 DEFAULT CHARSET=latin1;

--
-- Déchargement des données de la table `thread`
--

INSERT INTO `thread` (`id`, `nom`, `idRobot`, `idTelephone`) VALUES
(1, 'thread1', 1, 1),
(2, 'Thread2', 2, 2);

-- --------------------------------------------------------

--
-- Structure de la table `thread_scenario`
--

DROP TABLE IF EXISTS `thread_scenario`;
CREATE TABLE IF NOT EXISTS `thread_scenario` (
  `idThread` int(11) DEFAULT NULL,
  `idScenario` int(11) DEFAULT NULL,
  KEY `idThread` (`idThread`),
  KEY `idScenario` (`idScenario`)
) ENGINE=MyISAM DEFAULT CHARSET=latin1;

--
-- Déchargement des données de la table `thread_scenario`
--

INSERT INTO `thread_scenario` (`idThread`, `idScenario`) VALUES
(1, 1),
(1, 2),
(2, 3),
(2, 4),
(1, 5),
(1, 6);

-- --------------------------------------------------------

--
-- Structure de la table `tpsexec`
--

DROP TABLE IF EXISTS `tpsexec`;
CREATE TABLE IF NOT EXISTS `tpsexec` (
  `id` int(11) NOT NULL AUTO_INCREMENT,
  `tps` text DEFAULT NULL,
  `date` datetime DEFAULT NULL,
  `etat` text DEFAULT NULL,
  `idScenario` int(11) DEFAULT NULL,
  PRIMARY KEY (`id`),
  KEY `idScenario` (`idScenario`)
) ENGINE=MyISAM AUTO_INCREMENT=219 DEFAULT CHARSET=latin1;

--
-- Déchargement des données de la table `tpsexec`
--

INSERT INTO `tpsexec` (`id`, `tps`, `date`, `etat`, `idScenario`) VALUES
(1, '66.5914766', '2021-08-03 15:19:21', '0', 1),
(2, '13.042671499999983', '2021-08-03 15:21:50', '0', 1),
(3, '24.769425700000056', '2021-08-03 15:29:24', '0', 1),
(4, '39.77444', '2021-08-03 15:36:02', '0', 1),
(5, '13.392241600000006', '2021-08-03 15:39:12', '0', 1),
(6, '16.025154200000003', '2021-08-03 15:42:37', '1', 1),
(7, '87.705197', '2021-08-26 10:35:53', '0', 1),
(8, '22.771128900000008', '2021-08-26 10:37:36', '1', 1),
(9, '23.442402500000014', '2021-08-26 10:38:59', '1', 2),
(10, '0.42956979999996747', '2021-08-26 10:39:33', '0', 3),
(11, '68.0340727', '2021-09-06 22:36:13', '1', 1),
(12, '31.712359599999985', '2021-09-06 22:37:29', '1', 1),
(13, '35.50265760000002', '2021-09-06 22:40:06', '1', 2),
(14, '45.743107399999644', '2021-09-07 11:29:35', '1', 1),
(15, '23.43109110000023', '2021-09-07 11:30:40', '1', 1),
(16, '35.8507908', '2021-09-07 11:55:26', '1', 1),
(17, '25.06375939999998', '2021-09-07 12:08:00', '1', 6),
(18, '28.68123509999998', '2021-09-07 12:08:45', NULL, 1),
(19, '4.074608599999998', '2021-09-07 12:13:01', NULL, 1),
(20, '4.062813200000001', '2021-09-07 12:13:05', NULL, 6),
(21, '4.052047299999998', '2021-09-07 12:13:09', NULL, 1),
(22, '4.528856399999999', '2021-09-07 12:13:13', NULL, 6),
(23, '4.080854100000003', '2021-09-07 12:13:18', NULL, 1),
(24, '4.013045099999999', '2021-09-07 12:13:22', NULL, 6),
(25, '4.076506599999999', '2021-09-07 12:15:40', NULL, 1),
(26, '3.9406391000000003', '2021-09-07 12:15:45', NULL, 6),
(27, '4.0956373', '2021-09-07 12:15:49', NULL, 1),
(28, '4.1066715999999985', '2021-09-07 12:15:53', NULL, 6),
(29, '4.489423600000002', '2021-09-07 12:15:57', NULL, 1),
(30, '4.5398645', '2021-09-07 12:16:01', NULL, 6),
(31, '4.152091800000001', '2021-09-07 12:16:06', NULL, 1),
(32, '4.525343400000004', '2021-09-07 12:16:10', NULL, 6),
(33, '4.373214699999998', '2021-09-07 12:16:14', NULL, 1),
(34, '3.966214200000003', '2021-09-07 12:16:19', NULL, 6),
(35, '3.8937560000000033', '2021-09-07 12:16:23', NULL, 1),
(36, '3.8947517000000005', '2021-09-07 12:16:27', NULL, 6),
(37, '3.9462835', '2021-09-07 12:16:31', NULL, 1),
(38, '3.9222487000000044', '2021-09-07 12:16:35', NULL, 6),
(39, '3.908354899999992', '2021-09-07 12:16:39', NULL, 1),
(40, '3.910288500000007', '2021-09-07 12:16:42', NULL, 6),
(41, '4.081454699999995', '2021-09-07 12:16:46', NULL, 1),
(42, '3.9397194000000013', '2021-09-07 12:16:50', NULL, 6),
(43, '3.8977859000000024', '2021-09-07 12:16:54', NULL, 1),
(44, '3.896189899999996', '2021-09-07 12:16:58', NULL, 6),
(45, '3.903724600000004', '2021-09-07 12:17:02', NULL, 1),
(46, '3.905766600000007', '2021-09-07 12:17:06', NULL, 6),
(47, '3.915737700000008', '2021-09-07 12:17:10', NULL, 1),
(48, '3.8915415000000024', '2021-09-07 12:17:14', NULL, 6),
(49, '3.8918570999999957', '2021-09-07 12:17:18', NULL, 1),
(50, '3.895809700000001', '2021-09-07 12:17:22', NULL, 6),
(51, '3.8979441000000037', '2021-09-07 12:17:26', NULL, 1),
(52, '3.9080102000000068', '2021-09-07 12:17:30', NULL, 6),
(53, '4.183740099999994', '2021-09-07 12:17:33', NULL, 1),
(54, '4.076621999999986', '2021-09-07 12:17:38', NULL, 6),
(55, '19.42977190000005', '2021-09-07 12:24:46', NULL, 1),
(56, '6.000372099999993', '2021-09-07 12:25:05', NULL, 6),
(57, '2.800175700000011', '2021-09-07 12:25:11', NULL, 1),
(58, '2.0706313000000023', '2021-09-07 12:25:14', NULL, 6),
(59, '2.1587596000000007', '2021-09-07 12:25:36', NULL, 1),
(60, '2.4739353999999985', '2021-09-07 12:25:38', NULL, 6),
(61, '2.3166580000000003', '2021-09-07 12:25:41', NULL, 1),
(62, '2.1844824999999997', '2021-09-07 12:25:43', NULL, 6),
(63, '2.1309504000000032', '2021-09-07 12:25:45', NULL, 1),
(64, '2.150598200000001', '2021-09-07 12:25:47', NULL, 6),
(65, '2.083632699999999', '2021-09-07 12:25:50', NULL, 1),
(66, '2.1006654000000005', '2021-09-07 12:25:52', NULL, 6),
(67, '2.0738787000000016', '2021-09-07 12:25:54', NULL, 1),
(68, '2.222389500000002', '2021-09-07 12:25:56', NULL, 6),
(69, '2.266577999999999', '2021-09-07 12:25:58', NULL, 1),
(70, '2.261844', '2021-09-07 12:26:00', NULL, 6),
(71, '2.1628834999999995', '2021-09-07 12:26:03', NULL, 1),
(72, '2.062587800000003', '2021-09-07 12:26:05', NULL, 6),
(73, '2.2539868', '2021-09-07 12:26:07', NULL, 1),
(74, '2.1743346999999993', '2021-09-07 12:26:35', NULL, 1),
(75, '3.2991949', '2021-09-07 12:26:37', NULL, 6),
(76, '2.172442499999999', '2021-09-07 12:26:41', NULL, 1),
(77, '2.1497524000000006', '2021-09-07 12:26:43', NULL, 6),
(78, '2.1995718999999987', '2021-09-07 12:26:45', NULL, 1),
(79, '2.1071780999999987', '2021-09-07 12:26:47', NULL, 6),
(80, '2.1791313999999993', '2021-09-07 12:26:49', NULL, 1),
(81, '2.040608500000001', '2021-09-07 12:26:52', NULL, 6),
(82, '2.1023129999999988', '2021-09-07 12:26:54', NULL, 1),
(83, '2.1922971999999987', '2021-09-07 12:26:56', NULL, 6),
(84, '2.2413127999999958', '2021-09-07 12:26:58', NULL, 1),
(85, '2.3105535999999987', '2021-09-07 12:27:00', NULL, 6),
(86, '2.0964533000000003', '2021-09-07 12:27:03', NULL, 1),
(87, '2.1533541000000014', '2021-09-07 12:27:05', NULL, 6),
(88, '2.0741580999999982', '2021-09-07 12:27:07', NULL, 1),
(89, '2.8110872000000002', '2021-09-07 12:28:01', '0', 1),
(90, '2.6199895999999967', '2021-09-07 12:29:22', '0', 1),
(91, '8.547788000000025', '2021-09-07 12:35:40', '1', 1),
(92, '4.5820567000000665', '2021-09-07 12:56:04', NULL, 1),
(93, '2.5556047000000035', '2021-09-07 12:56:08', NULL, 6),
(94, '2.2179660000001604', '2021-09-07 12:56:11', NULL, 1),
(95, '2.001790400000118', '2021-09-07 12:56:13', NULL, 6),
(96, '2.004074699999819', '2021-09-07 12:56:15', NULL, 1),
(97, '1.9531601999999566', '2021-09-07 12:56:17', NULL, 6),
(98, '2.0103751999999986', '2021-09-07 12:56:19', NULL, 1),
(99, '1.994686799999954', '2021-09-07 12:56:21', NULL, 6),
(100, '2.0267014000000927', '2021-09-07 12:56:23', NULL, 1),
(101, '1.93676349999987', '2021-09-07 12:56:25', NULL, 6),
(102, '1.9582746000000952', '2021-09-07 12:56:27', NULL, 1),
(103, '1.9897531999999956', '2021-09-07 12:56:29', NULL, 6),
(104, '1.936367200000177', '2021-09-07 12:56:31', NULL, 1),
(105, '2.0071907000001374', '2021-09-07 12:56:33', NULL, 6),
(106, '2.0536879000001136', '2021-09-07 12:56:35', NULL, 1),
(107, '36.12166890000003', '2021-09-07 12:56:37', NULL, 6),
(108, '2.131899399999999', '2021-09-07 12:58:53', NULL, 1),
(109, '2.3188549999999992', '2021-09-07 12:58:55', NULL, 6),
(110, '2.111208699999999', '2021-09-07 12:58:58', NULL, 1),
(111, '2.0571270000000013', '2021-09-07 12:59:00', NULL, 6),
(112, '2.2382393', '2021-09-07 12:59:02', NULL, 1),
(113, '2.6905938999999996', '2021-09-07 12:59:04', NULL, 6),
(114, '2.245163399999999', '2021-09-07 12:59:07', NULL, 1),
(115, '2.345138900000002', '2021-09-07 12:59:09', NULL, 6),
(116, '2.436255799999998', '2021-09-07 12:59:11', NULL, 1),
(117, '2.0003260999999988', '2021-09-07 12:59:14', NULL, 6),
(118, '2.5432474999999997', '2021-09-07 12:59:16', NULL, 1),
(119, '2.581631200000004', '2021-09-07 12:59:18', NULL, 6),
(120, '2.0983996000000005', '2021-09-07 12:59:21', NULL, 1),
(121, '2.6852193999999994', '2021-09-07 13:00:16', '0', 1),
(122, '2.0788268999999993', '2021-09-07 13:00:28', NULL, 1),
(123, '2.214735300000001', '2021-09-07 13:00:30', NULL, 6),
(124, '2.2531740000000013', '2021-09-07 13:00:32', NULL, 1),
(125, '2.0431790999999997', '2021-09-07 13:00:35', NULL, 6),
(126, '2.2154884000000017', '2021-09-07 13:00:37', NULL, 1),
(127, '2.162549899999995', '2021-09-07 13:00:39', NULL, 6),
(128, '2.2523577000000046', '2021-09-07 13:00:41', NULL, 1),
(129, '2.0140208999999984', '2021-09-07 13:00:43', NULL, 6),
(130, '2.0635379', '2021-09-07 13:03:03', NULL, 1),
(131, '2.217839199999986', '2021-09-07 13:03:05', NULL, 6),
(132, '2.0043057999999974', '2021-09-07 13:03:08', NULL, 1),
(133, '1.985102100000006', '2021-09-07 13:03:10', NULL, 6),
(134, '2.050969400000014', '2021-09-07 13:03:12', NULL, 1),
(135, '2.094486399999994', '2021-09-07 13:03:14', NULL, 6),
(136, '2.0724111000000107', '2021-09-07 13:03:16', NULL, 1),
(137, '2.5425572000000045', '2021-09-07 13:03:18', NULL, 6),
(138, '9.324438600000576', '2021-09-08 11:45:18', NULL, 6),
(139, '4.271450000000186', '2021-09-08 11:45:28', NULL, 6),
(140, '4.312571500006015', '2021-09-08 11:45:32', NULL, 6),
(141, '4.303050400005304', '2021-09-08 11:45:37', NULL, 6),
(142, '6.7002759000024525', '2021-09-08 11:45:41', NULL, 6),
(143, '7.136092299988377', '2021-09-08 11:45:48', NULL, 6),
(144, '7.442891899999999', '2021-09-08 11:55:32', NULL, 1),
(145, '4.647855300000003', '2021-09-08 11:55:40', NULL, 6),
(146, '6.987598900000002', '2021-09-08 11:55:45', NULL, 1),
(147, '6.837543100000005', '2021-09-08 11:55:52', NULL, 6),
(148, '6.947582199999999', '2021-09-08 11:55:58', NULL, 1),
(149, '6.612032999999997', '2021-09-08 11:56:05', NULL, 6),
(150, '5.324005400000004', '2021-09-08 11:56:12', NULL, 1),
(151, '5.0694170999999955', '2021-09-08 11:56:17', NULL, 6),
(152, '6.5626751', '2021-09-08 11:58:41', NULL, 1),
(153, '6.1364215999999985', '2021-09-08 11:58:48', NULL, 6),
(154, '7.5560872', '2021-09-08 11:58:54', NULL, 1),
(155, '7.0402190000000004', '2021-09-08 11:59:01', NULL, 6),
(156, '7.689925500000001', '2021-09-08 11:59:08', NULL, 1),
(157, '6.313194899999999', '2021-09-08 11:59:16', NULL, 6),
(158, '6.7223805', '2021-09-08 11:59:22', NULL, 1),
(159, '6.9398979999999995', '2021-09-08 11:59:29', NULL, 6),
(160, '6.781615500000001', '2021-09-08 11:59:36', NULL, 1),
(161, '7.0495521', '2021-09-08 11:59:43', NULL, 6),
(162, '6.999725900000001', '2021-09-08 11:59:50', NULL, 1),
(163, '5.062377000000012', '2021-09-08 11:59:57', NULL, 6),
(164, '7.3224751999999995', '2021-09-08 12:00:02', NULL, 1),
(165, '6.560954499999994', '2021-09-08 12:00:09', NULL, 6),
(166, '6.764721100000003', '2021-09-08 12:00:16', NULL, 1),
(167, '7.28911100000002', '2021-09-08 12:00:23', NULL, 6),
(168, '7.16917669999998', '2021-09-08 12:00:30', NULL, 1),
(169, '6.762963900000017', '2021-09-08 12:00:37', NULL, 6),
(170, '4.9826314999999965', '2021-09-08 12:00:44', NULL, 1),
(171, '4.641448999999994', '2021-09-08 12:00:49', NULL, 6),
(172, '4.5523326', '2021-09-08 12:00:54', NULL, 1),
(173, '4.573059000000001', '2021-09-08 12:00:58', NULL, 6),
(174, '6.977080300000001', '2021-09-08 12:04:30', NULL, 1),
(175, '6.728253200000001', '2021-09-08 12:04:37', NULL, 6),
(176, '7.0667723', '2021-09-08 12:04:43', NULL, 1),
(177, '6.946908399999998', '2021-09-08 12:04:50', NULL, 6),
(178, '6.575187700000001', '2021-09-08 12:04:57', NULL, 1),
(179, '6.760982800000001', '2021-09-08 12:05:04', NULL, 6),
(180, '6.782872699999999', '2021-09-08 12:05:11', NULL, 1),
(181, '6.985939000000002', '2021-09-08 12:05:18', NULL, 6),
(182, '4.3077690000000075', '2021-09-08 12:05:25', NULL, 1),
(183, '6.824191099999993', '2021-09-08 12:05:29', NULL, 6),
(184, '7.198487', '2021-09-08 12:05:36', NULL, 1),
(185, '6.835703000000009', '2021-09-08 12:05:43', NULL, 6),
(186, '7.0992806', '2021-09-08 12:05:50', NULL, 1),
(187, '6.878733800000006', '2021-09-08 12:05:57', NULL, 6),
(188, '7.324452999999991', '2021-09-08 12:06:04', NULL, 1),
(189, '6.896347399999996', '2021-09-08 12:06:11', NULL, 6),
(190, '7.0771409999999975', '2021-09-08 12:06:18', NULL, 1),
(191, '6.919325000000001', '2021-09-08 12:06:25', NULL, 6),
(192, '6.845126499999992', '2021-09-08 12:06:32', NULL, 1),
(193, '7.204863799999998', '2021-09-08 12:06:39', NULL, 6),
(194, '6.955360000000013', '2021-09-08 12:06:46', NULL, 1),
(195, '7.0918432', '2021-09-08 12:06:53', NULL, 6),
(196, '6.848050900000004', '2021-09-08 12:07:00', NULL, 1),
(197, '7.131646499999988', '2021-09-08 12:07:07', NULL, 6),
(198, '6.993175399999984', '2021-09-08 12:07:14', NULL, 1),
(199, '6.698026399999975', '2021-09-08 12:07:21', NULL, 6),
(200, '6.8693217999999945', '2021-09-08 12:07:28', NULL, 1),
(201, '7.067988600000007', '2021-09-08 12:07:35', NULL, 6),
(202, '6.943976599999985', '2021-09-08 12:07:42', NULL, 1),
(203, '6.692724499999997', '2021-09-08 12:07:49', NULL, 6),
(204, '7.264982300000014', '2021-09-08 12:07:56', NULL, 1),
(205, '6.423559399999988', '2021-09-08 12:08:03', NULL, 6),
(206, '6.868967499999997', '2021-09-08 12:08:09', NULL, 1),
(207, '5.920895300000012', '2021-09-08 12:08:16', NULL, 6),
(208, '6.878143999999992', '2021-09-08 12:08:22', NULL, 1),
(209, '6.565534899999989', '2021-09-08 12:08:29', NULL, 6),
(210, '6.94053839999998', '2021-09-08 12:08:36', NULL, 1),
(211, '7.139430399999981', '2021-09-08 12:08:43', NULL, 6),
(212, '4.49471589999996', '2021-09-08 12:08:50', NULL, 1),
(213, '6.7789231', '2021-09-08 12:10:58', '0', 1),
(214, '4.376435699999998', '2021-09-08 12:11:05', '0', 6),
(215, '4.305865300000001', '2021-09-08 12:11:10', '0', 1),
(216, '4.195111000000001', '2021-09-08 12:11:14', '0', 6),
(217, '4.177015599999997', '2021-09-08 12:11:18', '0', 1),
(218, '7.0126934999999975', '2021-09-08 12:11:22', '0', 6);
COMMIT;

/*!40101 SET CHARACTER_SET_CLIENT=@OLD_CHARACTER_SET_CLIENT */;
/*!40101 SET CHARACTER_SET_RESULTS=@OLD_CHARACTER_SET_RESULTS */;
/*!40101 SET COLLATION_CONNECTION=@OLD_COLLATION_CONNECTION */;
